,FIPS,num_facilities
0,48005,1
1,48015,1
2,48023,1
3,48029,4
4,48035,1
5,48049,1
6,48053,1
7,48069,1
8,48083,1
9,48113,5
10,48117,1
11,48139,1
12,48147,1
13,48161,1
14,48177,1
15,48185,1
16,48201,3
17,48207,1
18,48217,2
19,48227,1
20,48239,1
21,48251,1
22,48257,2
23,48277,1
24,48285,4
25,48287,1
26,48289,1
27,48295,2
28,48309,2
29,48325,2
30,48355,3
31,48375,2
32,48387,1
33,48397,1
34,48399,1
35,48439,5
36,48451,3
37,48453,1
38,48463,1
39,48469,2
40,48473,2
41,48477,1
42,48483,1
43,48491,1
44,48493,1
45,48499,1
